{
  "fio version" : "fio-3.33",
  "timestamp" : 1780785425,
  "timestamp_ms" : 1780785425506,
  "time" : "Sat Jun  6 22:37:05 2026",
  "jobs" : [
    {
      "jobname" : "seqwrite-4m-fsync",
      "groupid" : 0,
      "error" : 0,
      "eta" : 0,
      "elapsed" : 25,
      "job options" : {
        "name" : "seqwrite-4m-fsync",
        "directory" : "/mnt/localssd/results/gcp-local-nvme-20260606-150805/fio",
        "filename" : "fio-4m.dat",
        "size" : "32G",
        "bs" : "4M",
        "rw" : "write",
        "ioengine" : "sync",
        "fdatasync" : "1",
        "numjobs" : "1",
        "direct" : "0"
      },
      "read" : {
        "io_bytes" : 0,
        "io_kbytes" : 0,
        "bw_bytes" : 0,
        "bw" : 0,
        "iops" : 0.000000,
        "runtime" : 0,
        "total_ios" : 0,
        "short_ios" : 8191,
        "drop_ios" : 0,
        "slat_ns" : {
          "min" : 0,
          "max" : 0,
          "mean" : 0.000000,
          "stddev" : 0.000000,
          "N" : 0
        },
        "clat_ns" : {
          "min" : 0,
          "max" : 0,
          "mean" : 0.000000,
          "stddev" : 0.000000,
          "N" : 0
        },
        "lat_ns" : {
          "min" : 0,
          "max" : 0,
          "mean" : 0.000000,
          "stddev" : 0.000000,
          "N" : 0
        },
        "bw_min" : 0,
        "bw_max" : 0,
        "bw_agg" : 0.000000,
        "bw_mean" : 0.000000,
        "bw_dev" : 0.000000,
        "bw_samples" : 0,
        "iops_min" : 0,
        "iops_max" : 0,
        "iops_mean" : 0.000000,
        "iops_stddev" : 0.000000,
        "iops_samples" : 0
      },
      "write" : {
        "io_bytes" : 34359738368,
        "io_kbytes" : 33554432,
        "bw_bytes" : 1391533224,
        "bw" : 1358919,
        "iops" : 331.767374,
        "runtime" : 24692,
        "total_ios" : 8192,
        "short_ios" : 0,
        "drop_ios" : 0,
        "slat_ns" : {
          "min" : 0,
          "max" : 0,
          "mean" : 0.000000,
          "stddev" : 0.000000,
          "N" : 0
        },
        "clat_ns" : {
          "min" : 1142868,
          "max" : 2351682,
          "mean" : 1208347.368652,
          "stddev" : 25215.428222,
          "N" : 8192,
          "percentile" : {
            "1.000000" : 1171456,
            "5.000000" : 1187840,
            "10.000000" : 1187840,
            "20.000000" : 1187840,
            "30.000000" : 1204224,
            "40.000000" : 1204224,
            "50.000000" : 1204224,
            "60.000000" : 1204224,
            "70.000000" : 1220608,
            "80.000000" : 1220608,
            "90.000000" : 1220608,
            "95.000000" : 1236992,
            "99.000000" : 1269760,
            "99.500000" : 1351680,
            "99.900000" : 1417216,
            "99.950000" : 1433600,
            "99.990000" : 2342912
          }
        },
        "lat_ns" : {
          "min" : 1211558,
          "max" : 2506930,
          "mean" : 1289109.415771,
          "stddev" : 32515.067872,
          "N" : 8192
        },
        "bw_min" : 1343488,
        "bw_max" : 1368064,
        "bw_agg" : 100.000000,
        "bw_mean" : 1359537.632653,
        "bw_dev" : 6680.202987,
        "bw_samples" : 49,
        "iops_min" : 328,
        "iops_max" : 334,
        "iops_mean" : 331.918367,
        "iops_stddev" : 1.630909,
        "iops_samples" : 49
      },
      "trim" : {
        "io_bytes" : 0,
        "io_kbytes" : 0,
        "bw_bytes" : 0,
        "bw" : 0,
        "iops" : 0.000000,
        "runtime" : 0,
        "total_ios" : 0,
        "short_ios" : 0,
        "drop_ios" : 0,
        "slat_ns" : {
          "min" : 0,
          "max" : 0,
          "mean" : 0.000000,
          "stddev" : 0.000000,
          "N" : 0
        },
        "clat_ns" : {
          "min" : 0,
          "max" : 0,
          "mean" : 0.000000,
          "stddev" : 0.000000,
          "N" : 0
        },
        "lat_ns" : {
          "min" : 0,
          "max" : 0,
          "mean" : 0.000000,
          "stddev" : 0.000000,
          "N" : 0
        },
        "bw_min" : 0,
        "bw_max" : 0,
        "bw_agg" : 0.000000,
        "bw_mean" : 0.000000,
        "bw_dev" : 0.000000,
        "bw_samples" : 0,
        "iops_min" : 0,
        "iops_max" : 0,
        "iops_mean" : 0.000000,
        "iops_stddev" : 0.000000,
        "iops_samples" : 0
      },
      "sync" : {
        "total_ios" : 0,
        "lat_ns" : {
          "min" : 1589400,
          "max" : 3531809,
          "mean" : 1724063.805274,
          "stddev" : 91138.563336,
          "N" : 8191,
          "percentile" : {
            "1.000000" : 1630208,
            "5.000000" : 1646592,
            "10.000000" : 1662976,
            "20.000000" : 1679360,
            "30.000000" : 1695744,
            "40.000000" : 1712128,
            "50.000000" : 1712128,
            "60.000000" : 1728512,
            "70.000000" : 1728512,
            "80.000000" : 1744896,
            "90.000000" : 1761280,
            "95.000000" : 1777664,
            "99.000000" : 2023424,
            "99.500000" : 2441216,
            "99.900000" : 2932736,
            "99.950000" : 3063808,
            "99.990000" : 3522560
          }
        }
      },
      "job_runtime" : 24691,
      "usr_cpu" : 2.830991,
      "sys_cpu" : 50.670285,
      "ctx" : 119152,
      "majf" : 0,
      "minf" : 22,
      "iodepth_level" : {
        "1" : 199.987793,
        "2" : 0.000000,
        "4" : 0.000000,
        "8" : 0.000000,
        "16" : 0.000000,
        "32" : 0.000000,
        ">=64" : 0.000000
      },
      "iodepth_submit" : {
        "0" : 0.000000,
        "4" : 100.000000,
        "8" : 0.000000,
        "16" : 0.000000,
        "32" : 0.000000,
        "64" : 0.000000,
        ">=64" : 0.000000
      },
      "iodepth_complete" : {
        "0" : 0.000000,
        "4" : 100.000000,
        "8" : 0.000000,
        "16" : 0.000000,
        "32" : 0.000000,
        "64" : 0.000000,
        ">=64" : 0.000000
      },
      "latency_ns" : {
        "2" : 0.000000,
        "4" : 0.000000,
        "10" : 0.000000,
        "20" : 0.000000,
        "50" : 0.000000,
        "100" : 0.000000,
        "250" : 0.000000,
        "500" : 0.000000,
        "750" : 0.000000,
        "1000" : 0.000000
      },
      "latency_us" : {
        "2" : 0.000000,
        "4" : 0.000000,
        "10" : 0.000000,
        "20" : 0.000000,
        "50" : 0.000000,
        "100" : 0.000000,
        "250" : 0.000000,
        "500" : 0.000000,
        "750" : 0.000000,
        "1000" : 0.000000
      },
      "latency_ms" : {
        "2" : 99.987793,
        "4" : 0.012207,
        "10" : 0.000000,
        "20" : 0.000000,
        "50" : 0.000000,
        "100" : 0.000000,
        "250" : 0.000000,
        "500" : 0.000000,
        "750" : 0.000000,
        "1000" : 0.000000,
        "2000" : 0.000000,
        ">=2000" : 0.000000
      },
      "latency_depth" : 1,
      "latency_target" : 0,
      "latency_percentile" : 100.000000,
      "latency_window" : 0
    }
  ],
  "disk_util" : [
    {
      "name" : "md0",
      "read_ios" : 0,
      "write_ios" : 73722,
      "read_merges" : 0,
      "write_merges" : 0,
      "read_ticks" : 0,
      "write_ticks" : 55148,
      "in_queue" : 55148,
      "util" : 33.542841,
      "aggr_read_ios" : 0,
      "aggr_write_ios" : 10499,
      "aggr_read_merges" : 0,
      "aggr_write_merge" : 2,
      "aggr_read_ticks" : 0,
      "aggr_write_ticks" : 2256,
      "aggr_in_queue" : 2823,
      "aggr_util" : 11.153768
    },
    {
      "name" : "nvme15n1",
      "read_ios" : 0,
      "write_ios" : 10501,
      "read_merges" : 0,
      "write_merges" : 5,
      "read_ticks" : 0,
      "write_ticks" : 2291,
      "in_queue" : 2849,
      "util" : 7.176917
    },
    {
      "name" : "nvme27n1",
      "read_ios" : 0,
      "write_ios" : 10500,
      "read_merges" : 0,
      "write_merges" : 5,
      "read_ticks" : 0,
      "write_ticks" : 2170,