{
  "fio version" : "fio-3.33",
  "timestamp" : 1780785442,
  "timestamp_ms" : 1780785442543,
  "time" : "Sat Jun  6 22:37:22 2026",
  "jobs" : [
    {
      "jobname" : "seqwrite-32m-fsync",
      "groupid" : 0,
      "error" : 0,
      "eta" : 0,
      "elapsed" : 17,
      "job options" : {
        "name" : "seqwrite-32m-fsync",
        "directory" : "/mnt/localssd/results/gcp-local-nvme-20260606-150805/fio",
        "filename" : "fio-32m.dat",
        "size" : "32G",
        "bs" : "32M",
        "rw" : "write",
        "ioengine" : "sync",
        "fdatasync" : "1",
        "numjobs" : "1",
        "direct" : "0"
      },
      "read" : {
        "io_bytes" : 0,
        "io_kbytes" : 0,
        "bw_bytes" : 0,
        "bw" : 0,
        "iops" : 0.000000,
        "runtime" : 0,
        "total_ios" : 0,
        "short_ios" : 1023,
        "drop_ios" : 0,
        "slat_ns" : {
          "min" : 0,
          "max" : 0,
          "mean" : 0.000000,
          "stddev" : 0.000000,
          "N" : 0
        },
        "clat_ns" : {
          "min" : 0,
          "max" : 0,
          "mean" : 0.000000,
          "stddev" : 0.000000,
          "N" : 0
        },
        "lat_ns" : {
          "min" : 0,
          "max" : 0,
          "mean" : 0.000000,
          "stddev" : 0.000000,
          "N" : 0
        },
        "bw_min" : 0,
        "bw_max" : 0,
        "bw_agg" : 0.000000,
        "bw_mean" : 0.000000,
        "bw_dev" : 0.000000,
        "bw_samples" : 0,
        "iops_min" : 0,
        "iops_max" : 0,
        "iops_mean" : 0.000000,
        "iops_stddev" : 0.000000,
        "iops_samples" : 0
      },
      "write" : {
        "io_bytes" : 34359738368,
        "io_kbytes" : 33554432,
        "bw_bytes" : 2094212127,
        "bw" : 2045129,
        "iops" : 62.412385,
        "runtime" : 16407,
        "total_ios" : 1024,
        "short_ios" : 0,
        "drop_ios" : 0,
        "slat_ns" : {
          "min" : 0,
          "max" : 0,
          "mean" : 0.000000,
          "stddev" : 0.000000,
          "N" : 0
        },
        "clat_ns" : {
          "min" : 9460097,
          "max" : 13256564,
          "mean" : 9822585.413086,
          "stddev" : 266637.462647,
          "N" : 1024,
          "percentile" : {
            "1.000000" : 9502720,
            "5.000000" : 9633792,
            "10.000000" : 9633792,
            "20.000000" : 9633792,
            "30.000000" : 9633792,
            "40.000000" : 9764864,
            "50.000000" : 9764864,
            "60.000000" : 9764864,
            "70.000000" : 9895936,
            "80.000000" : 9895936,
            "90.000000" : 10158080,
            "95.000000" : 10289152,
            "99.000000" : 10682368,
            "99.500000" : 10813440,
            "99.900000" : 11862016,
            "99.950000" : 13303808,
            "99.990000" : 13303808
          }
        },
        "lat_ns" : {
          "min" : 9915921,
          "max" : 15994417,
          "mean" : 10676063.132812,
          "stddev" : 442070.087114,
          "N" : 1024
        },
        "bw_min" : 1900544,
        "bw_max" : 2097152,
        "bw_agg" : 99.940051,
        "bw_mean" : 2043904.000000,
        "bw_dev" : 51137.861648,
        "bw_samples" : 32,
        "iops_min" : 58,
        "iops_max" : 64,
        "iops_mean" : 62.375000,
        "iops_stddev" : 1.560604,
        "iops_samples" : 32
      },
      "trim" : {
        "io_bytes" : 0,
        "io_kbytes" : 0,
        "bw_bytes" : 0,
        "bw" : 0,
        "iops" : 0.000000,
        "runtime" : 0,
        "total_ios" : 0,
        "short_ios" : 0,
        "drop_ios" : 0,
        "slat_ns" : {
          "min" : 0,
          "max" : 0,
          "mean" : 0.000000,
          "stddev" : 0.000000,
          "N" : 0
        },
        "clat_ns" : {
          "min" : 0,
          "max" : 0,
          "mean" : 0.000000,
          "stddev" : 0.000000,
          "N" : 0
        },
        "lat_ns" : {
          "min" : 0,
          "max" : 0,
          "mean" : 0.000000,
          "stddev" : 0.000000,
          "N" : 0
        },
        "bw_min" : 0,
        "bw_max" : 0,
        "bw_agg" : 0.000000,
        "bw_mean" : 0.000000,
        "bw_dev" : 0.000000,
        "bw_samples" : 0,
        "iops_min" : 0,
        "iops_max" : 0,
        "iops_mean" : 0.000000,
        "iops_stddev" : 0.000000,
        "iops_samples" : 0
      },
      "sync" : {
        "total_ios" : 0,
        "lat_ns" : {
          "min" : 4996610,
          "max" : 6652646,
          "mean" : 5348381.775171,
          "stddev" : 80726.011499,
          "N" : 1023,
          "percentile" : {
            "1.000000" : 5210112,
            "5.000000" : 5275648,
            "10.000000" : 5275648,
            "20.000000" : 5275648,
            "30.000000" : 5341184,
            "40.000000" : 5341184,
            "50.000000" : 5341184,
            "60.000000" : 5341184,
            "70.000000" : 5341184,
            "80.000000" : 5406720,
            "90.000000" : 5406720,
            "95.000000" : 5472256,
            "99.000000" : 5537792,
            "99.500000" : 5537792,
            "99.900000" : 6258688,
            "99.950000" : 6651904,
            "99.990000" : 6651904
          }
        }
      },
      "job_runtime" : 16406,
      "usr_cpu" : 4.114348,
      "sys_cpu" : 80.763135,
      "ctx" : 304813,
      "majf" : 0,
      "minf" : 87,
      "iodepth_level" : {
        "1" : 199.902344,
        "2" : 0.000000,
        "4" : 0.000000,
        "8" : 0.000000,
        "16" : 0.000000,
        "32" : 0.000000,
        ">=64" : 0.000000
      },
      "iodepth_submit" : {
        "0" : 0.000000,
        "4" : 100.000000,
        "8" : 0.000000,
        "16" : 0.000000,
        "32" : 0.000000,
        "64" : 0.000000,
        ">=64" : 0.000000
      },
      "iodepth_complete" : {
        "0" : 0.000000,
        "4" : 100.000000,
        "8" : 0.000000,
        "16" : 0.000000,
        "32" : 0.000000,
        "64" : 0.000000,
        ">=64" : 0.000000
      },
      "latency_ns" : {
        "2" : 0.000000,
        "4" : 0.000000,
        "10" : 0.000000,
        "20" : 0.000000,
        "50" : 0.000000,
        "100" : 0.000000,
        "250" : 0.000000,
        "500" : 0.000000,
        "750" : 0.000000,
        "1000" : 0.000000
      },
      "latency_us" : {
        "2" : 0.000000,
        "4" : 0.000000,
        "10" : 0.000000,
        "20" : 0.000000,
        "50" : 0.000000,
        "100" : 0.000000,
        "250" : 0.000000,
        "500" : 0.000000,
        "750" : 0.000000,
        "1000" : 0.000000
      },
      "latency_ms" : {
        "2" : 0.000000,
        "4" : 0.000000,
        "10" : 84.667969,
        "20" : 15.332031,
        "50" : 0.000000,
        "100" : 0.000000,
        "250" : 0.000000,
        "500" : 0.000000,
        "750" : 0.000000,
        "1000" : 0.000000,
        "2000" : 0.000000,
        ">=2000" : 0.000000
      },
      "latency_depth" : 1,
      "latency_target" : 0,
      "latency_percentile" : 100.000000,
      "latency_window" : 0
    }
  ],
  "disk_util" : [
    {
      "name" : "md0",
      "read_ios" : 0,
      "write_ios" : 66396,
      "read_merges" : 0,
      "write_merges" : 0,
      "read_ticks" : 0,
      "write_ticks" : 104240,
      "in_queue" : 104240,
      "util" : 19.958622,
      "aggr_read_ios" : 0,
      "aggr_write_ios" : 3103,
      "aggr_read_merges" : 0,
      "aggr_write_merge" : 0,
      "aggr_read_ticks" : 0,
      "aggr_write_ticks" : 3644,
      "aggr_in_queue" : 3764,
      "aggr_util" : 19.473748
    },
    {
      "name" : "nvme15n1",
      "read_ios" : 0,
      "write_ios" : 3201,
      "read_merges" : 0,
      "write_merges" : 0,
      "read_ticks" : 0,
      "write_ticks" : 4279,
      "in_queue" : 4406,
      "util" : 19.278569
    },
    {
      "name" : "nvme27n1",
      "read_ios" : 0,
      "write_ios" : 3074,
      "read_merges" : 0,
      "write_merges" : 0,
      "read_ticks" : 0,